Time,PlayerPos,ObstacleXPos,CoinXPos,Score
0,544.8,279,545,0
1,340.8,445,222,2
2,222,445,222,2
3,180,265,180,4
3,180,265,180,4
5,177,265,177,5
6,217.2,542,247,7
6,247.2,542,247,7
8,495,194,513,9
8,513,194,513,9
9,458.4,194,459,10
10,354.6,601,185,12
11,185.4,601,185,12
11,301.2,349,301,14
12,301.2,349,301,14
13,305.4,349,315,15
13,305.4,513,516,17
15,556.2,513,588,17
15,588,301,588,18
16,587.4,301,588,18
17,495,262,495,20
17,495,262,495,20
19,303,262,289,21
19,325.8,381,326,23
20,325.8,381,326,23
21,261.6,571,261,25
21,261,571,261,25
22,391.8,571,392,26
22,423.6,538,573,28
23,575.4,538,573,28
24,575.4,370,220,30
25,300.6,370,377,30
26,333,306,377,31
26,377.4,306,377,31
27,342,306,317,32
27,342.6,495,275,34
28,275.4,495,275,34
29,192.6,383,192,36
30,192,383,192,36
31,251.4,247,251,38
31,250.8,247,251,38
32,331.2,247,331,39
33,280.2,273,233,41
33,233.4,273,233,41
34,231.6,479,231,43
34,231.6,479,231,43
36,361.8,479,362,44
36,428.4,319,517,46
37,517.2,319,517,46
37,512.4,361,513,48
38,512.4,361,513,48
39,390,418,281,50
39,313.8,418,410,50
40,390,418,410,50
41,354.6,231,354,52
42,354.6,231,354,52
42,479.4,225,480,54
43,479.4,225,480,54
4,532.2,356,532,0
5,506.4,519,507,2
5,507,519,507,2
7,406.8,213,407,4
7,407.4,213,407,4
8,261.6,213,260,5
8,426,538,589,7
9,588.6,538,589,7
11,585,586,412,9
11,425.4,586,256,9
12,255.6,586,256,9
12,293.4,514,617,11
14,616.8,514,617,11
14,559.2,466,499,13
15,499.2,466,499,13
16,568.2,525,568,15
16,568.2,525,568,15
18,252.6,525,252,16
18,196.8,288,197,18
19,197.4,288,197,18
20,246.6,405,368,20
20,342.6,405,368,20
21,262.8,405,263,21
22,348.6,502,433,23
23,433.2,502,433,23
23,304.8,203,305,25
24,304.8,203,305,25
25,456,203,456,26
25,435.6,594,235,28
27,235.2,594,235,28
27,280.2,470,280,30
28,280.2,470,280,30
29,299.4,261,299,32
29,298.8,261,299,32
30,297.6,261,291,33
31,364.2,295,364,35
31,363.6,295,364,35
32,330.6,197,208,37
33,213,197,208,37
34,231.6,197,224,38
34,231,489,214,40
35,214.2,489,214,40
36,419.4,536,461,42
36,461.4,536,461,42
37,315.6,582,316,44
37,316.2,582,316,44
39,333.6,582,334,45
39,376.8,425,377,47
40,376.8,425,377,47
41,188.4,323,188,49
41,188.4,323,188,49
42,522.6,323,523,50
42,477.6,413,230,52
43,229.8,413,230,52
44,243,325,243,54
44,243.6,325,243,54
5,180.6,230,408,0
5,180.6,553,408,1
6,408,553,408,1
7,354.6,238,355,3
8,354.6,238,355,3
9,182.4,238,182,4
9,190.2,407,368,6
10,360.6,407,368,6
11,360,552,536,8
12,522,552,536,8
13,617.4,552,618,9
13,597.6,493,300,11
14,300.6,493,300,11
15,274.2,439,274,13
16,274.2,439,274,13
17,267.6,413,268,15
17,267.6,413,268,15
18,370.2,413,376,16
19,370.2,379,553,18
19,552.6,379,553,18
21,513.6,338,514,20
21,514.2,338,514,20
22,440.4,338,441,21
23,489.6,190,490,23
23,489.6,190,490,23
24,313.8,241,314,25
25,314.4,241,314,25
26,183.6,241,184,26
26,202.2,444,457,28
27,481.8,444,457,28
28,620.4,399,621,30
29,620.4,399,621,30
30,435.6,521,250,32
30,330.6,521,334,32
31,334.2,521,334,32
31,397.2,367,426,34
33,426,367,426,34
33,402,293,245,36
34,245.4,293,245,36
35,409.2,523,409,38
35,408.6,523,409,38
36,186.6,523,187,39
37,337.2,583,507,41
37,506.4,583,507,41
38,551.4,335,562,43
39,561.6,335,562,43
40,514.2,335,514,44
40,442.2,260,404,46
41,404.4,260,404,46
42,406.2,541,406,48
42,405.6,541,406,48
43,252.6,565,253,50
43,253.2,565,253,50
45,537,565,548,51
45,504,604,504,53
46,503.4,604,504,53
47,406.8,619,407,55
47,406.8,619,407,55
48,425.4,619,426,56
48,440.4,395,441,58
49,440.4,395,441,58
50,612,181,612,60
50,612,181,612,60
51,481.2,221,481,62
52,480.6,221,481,62
53,473.4,221,474,63
53,514.8,337,515,65
54,514.8,337,515,65
5,298.2,560,298,0
5,510,193,613,2
6,612.6,193,613,2
7,444,595,444,4
8,443.4,595,444,4
9,440.4,595,441,5
9,547.2,214,604,7
10,604.2,214,604,7
11,442.2,571,442,9
12,441.6,571,442,9
13,449.4,571,450,10
13,337.8,613,185,12
14,185.4,613,185,12
15,348,194,348,14
16,348.6,194,348,14
17,464.4,194,465,15
17,409.8,194,235,17
19,237,194,235,17
19,315.6,548,315,19
20,315.6,548,315,19
21,413.4,274,413,21
21,413.4,274,413,21
22,370.8,274,371,22
23,315,373,201,24
24,201,373,201,24
25,306,245,306,26
25,306,245,306,26
26,532.8,245,533,27
27,422.4,180,413,29
28,413.4,180,413,29
29,220.2,379,220,31
29,220.2,379,220,31
30,276.6,379,276,32
30,317.4,537,610,34
32,610.2,537,610,34
32,582.6,482,583,36
33,583.2,482,583,36
34,516.6,448,477,38
34,485.4,448,477,38
35,234.6,448,234,39
36,239.4,359,239,41
37,239.4,359,239,41
37,203.4,615,203,43
38,202.8,615,203,43
39,271.8,615,272,44
39,326.4,537,622,46
40,622.2,537,622,46
41,567.6,441,272,48
42,326.4,441,621,48
43,410.4,501,621,49
43,560.4,501,311,49
44,311.4,501,311,49
44,313.2,431,443,51
45,458.4,431,443,51
46,479.4,509,479,53
47,478.8,509,479,53
47,276.6,486,276,55
48,276.6,486,276,55
49,459.6,486,470,56
49,395.4,481,382,58
50,382.2,481,382,58
51,191.4,554,191,60
51,191.4,554,191,60
52,529.8,358,560,62
52,550.2,358,560,62
54,473.4,358,473,63
54,385.8,220,386,65
55,386.4,220,386,65
56,443.4,483,443,67
56,442.8,483,443,67
57,257.4,483,257,68
57,289.8,504,613,70
58,613.2,504,613,70
59,585.6,578,586,72
60,585.6,578,586,72
61,287.4,384,262,74
61,262.2,384,262,74
62,613.8,384,619,75
62,538.2,558,379,77
63,378.6,558,379,77
64,229.2,413,229,79
64,229.2,413,229,79
4,599.4,511,599,0
5,560.4,403,190,2
6,235.2,403,198,2
7,198,413,198,3
8,198.6,413,198,3
9,364.8,413,535,4
9,364.8,385,535,5
11,535.2,385,535,5
11,431.4,282,291,7
12,291.6,282,291,7
13,401.4,353,402,9
13,402,353,402,9
15,495.6,353,496,10
15,398.4,555,240,12
16,240.6,555,240,12
17,449.4,308,449,14
18,448.8,308,449,14
19,520.8,308,521,15
19,421.2,557,287,17
20,287.4,557,287,17
21,411,624,411,19
22,410.4,624,411,19
23,517.8,624,518,20
23,480.6,268,476,22
24,476.4,268,476,22
25,482.4,545,482,24
26,481.8,545,482,24
27,440.4,302,441,26
27,441,302,441,26
28,573,302,573,27
29,545.4,368,546,29
30,545.4,368,546,29
31,537,454,537,31
31,537,454,537,31
32,391.8,454,392,32
33,317.4,520,210,34
34,210,520,210,34
34,437.4,303,438,36
35,437.4,303,438,36
36,354.6,303,355,37
36,354.6,575,354,39
37,354.6,575,354,39
38,515.4,501,516,41
39,516,501,516,41
40,303.6,554,304,43
40,303.6,554,304,43
41,522.6,554,478,44
41,504,482,478,45
43,452.4,482,478,45
43,408,542,408,47
44,407.4,542,408,47
45,315.6,373,316,49
45,316.2,373,316,49
46,345,373,358,50
5,330.6,501,330,0
5,451.2,515,558,2
6,557.4,515,558,2
7,300,392,300,4
8,300.6,392,300,4
9,318,392,318,5
9,298.8,597,299,7
10,299.4,597,299,7
11,448.2,491,448,9
12,447.6,491,448,9
13,553.8,491,554,10
14,537,470,532,12
15,532.2,470,532,12
15,606,219,606,14
16,605.4,219,606,14
17,333.6,219,334,15
17,279,529,235,17
19,234.6,529,235,17
19,280.8,178,281,19
20,280.8,178,281,19
21,288.6,621,289,21
21,288.6,621,289,21
23,579.6,621,595,22
23,405,431,211,24
24,210.6,431,211,24
25,199.2,339,199,26
25,199.2,339,199,26
27,472.8,339,473,27
27,378,545,256,29
28,256.2,545,256,29
29,450.6,223,451,31
29,450.6,223,451,31
31,259.8,256,200,33
31,230.4,256,542,33
32,542.4,256,542,33
33,403.8,468,240,35
34,240,468,240,35
34,240.6,324,240,37
35,240,324,240,37
36,290.4,324,305,38
36,289.8,287,588,40
37,587.4,287,588,40
38,365.4,584,321,42
39,321,584,321,42
40,188.4,548,188,44
40,188.4,548,188,44
41,427.8,548,428,45
42,379.2,269,379,47
43,378.6,269,379,47
43,356.4,471,356,49
44,356.4,471,356,49
45,203.4,471,203,50
45,248.4,491,248,52
46,247.8,491,248,52
47,228.6,322,229,54
48,229.2,322,229,54
49,293.4,598,293,56
49,292.8,598,293,56
50,232.2,598,232,57
50,357,278,458,59
51,457.8,278,458,59
52,478.2,469,478,61
52,477.6,469,478,61
54,228.6,469,229,62
54,268.2,411,617,64
55,597.6,411,617,64
55,575.4,526,576,66
56,576,526,576,66
57,604.2,178,604,68
57,604.2,178,604,68
58,230.4,178,203,69
59,257.4,298,257,71
60,257.4,298,257,71
5,386.4,587,386,0
5,408.6,226,409,2
6,409.2,226,409,2
7,616.2,321,616,4
7,615.6,321,616,4
9,389.4,321,390,5
9,379.8,614,380,7
10,380.4,614,380,7
11,235.2,613,235,9
12,234.6,613,235,9
13,507.6,613,508,10
13,396,533,307,12
14,307.2,533,307,12
15,256.2,285,256,14
16,255.6,285,256,14
17,477,285,477,15
17,422.4,282,412,17
19,411.6,282,412,17
19,567,519,567,19
20,567,519,567,19
21,294,349,294,21
21,294,349,294,21
23,483,349,483,22
23,456,364,456,24
24,456,364,456,24
25,436.2,340,436,26
25,436.2,340,436,26
27,459,340,459,27
27,414.6,301,415,29
28,415.2,301,415,29
29,339.6,468,184,31
30,205.2,468,184,31
31,266.4,468,266,32
32,302.4,371,325,34
33,325.2,371,325,34
33,334.8,531,495,36
34,495,531,495,36
35,566.4,358,533,38
35,532.8,358,533,38
37,268.8,358,269,39
37,324,601,534,41
38,534,601,534,41
39,327.6,476,327,43
39,327,476,327,43
41,380.4,476,381,44
41,366.6,457,367,46
42,367.2,457,367,46
43,282.6,573,283,48
43,282.6,573,283,48
44,192.6,612,193,50
45,193.2,612,193,50
46,453,612,453,51
46,511.8,223,512,53
47,512.4,223,512,53
48,519.6,384,520,55
48,519.6,384,520,55
5,519.6,470,510,0
6,519.6,448,294,2
6,294,448,294,2
8,391.2,594,391,4
8,391.2,594,391,4
9,363,594,363,5
10,279.6,236,279,7
11,279.6,236,279,7
12,435,446,435,9
12,435,446,435,9
14,548.4,446,549,10
14,491.4,349,182,12
15,181.8,349,182,12
16,236.4,206,236,14
17,235.8,206,236,14
18,620.4,206,621,15
18,565.8,610,262,17
19,262.2,610,262,17
20,392.4,252,392,19
21,392.4,252,392,19
22,564.6,516,565,21
22,564.6,516,565,21
24,620.4,516,621,22
24,619.8,299,620,24
25,619.8,299,620,24
26,339.6,484,296,26
26,296.4,484,296,26
28,432,484,432,27
28,321.6,475,230,29
29,229.8,475,230,29
30,395.4,495,395,31
30,395.4,495,395,31
32,189,495,189,32
32,229.8,347,248,34
33,247.8,347,248,34
34,311.4,608,448,36
34,447.6,608,448,36
36,180.6,333,181,38
36,180.6,333,181,38
37,388.2,333,388,39
38,503.4,454,504,41
38,503.4,454,504,41
39,486.6,439,440,43
40,440.4,439,440,43
41,221.4,439,221,44
41,234,373,234,46
42,234.6,373,234,46
43,206.4,178,206,48
44,206.4,178,206,48
45,351.6,554,352,50
45,351.6,554,352,50
46,525,554,532,51
47,456,416,456,53
47,456,416,456,53
48,511.8,429,512,55
49,512.4,429,512,55
50,276,429,276,56
50,322.2,288,391,58
51,391.2,288,391,58
52,425.4,468,426,60
52,425.4,468,426,60
54,605.4,547,605,62
54,605.4,547,605,62
55,348,547,348,63
55,453,410,538,65
56,537.6,410,538,65
4,355.2,550,355,0
5,330.6,250,330,2
6,330,250,330,2
7,195,299,195,4
7,195.6,299,195,4
9,251.4,299,276,5
9,251.4,223,520,7
10,519.6,223,520,7
11,607.2,211,607,9
12,607.2,211,607,9
13,545.4,211,546,10
13,469.2,357,469,12
15,469.2,357,469,12
15,401.4,347,341,14
16,341.4,347,341,14
17,390.6,347,367,15
18,429.6,239,574,17
19,573.6,239,574,17
20,579,604,579,19
20,579,604,579,19
22,333.6,578,333,21
22,333.6,578,333,21
23,425.4,578,426,22
24,366,284,366,24
24,366,284,366,24
26,324.6,259,190,26
26,189.6,259,389,26
27,388.8,259,389,26
28,414.6,205,594,28
29,594,205,594,28
29,394.8,319,349,30
30,348.6,319,349,30
31,177.6,571,178,32
32,177.6,571,178,32
33,201.6,571,202,33
33,319.2,593,319,35
34,319.2,593,319,35
35,291.6,229,292,37
36,291.6,229,292,37
37,544.8,229,545,38
37,596.4,379,609,40
38,609,379,609,40
39,625.2,448,625,42
40,624.6,448,625,42
41,479.4,588,323,44
41,390.6,588,407,44
42,406.8,588,407,44
43,450.6,584,451,46
44,450.6,584,451,46
44,229.8,595,216,48
45,216.6,595,216,48
46,565.8,609,597,50
46,580.8,609,597,50
48,636.6,609,619,51
4,368.4,555,368,0
5,264.6,318,265,2
6,265.2,318,265,2
7,366.6,486,343,4
7,343.2,486,343,4
9,181.8,486,182,5
9,247.8,263,248,7
10,248.4,263,248,7
11,462,178,462,9
12,461.4,178,462,9
13,540,178,540,10
14,495.6,416,496,12
15,495.6,416,496,12
16,617.4,372,618,14
16,618,372,618,14
18,489,372,489,15
18,434.4,277,397,17
19,397.2,277,397,17
20,360.6,576,361,19
21,360.6,576,361,19
22,274.8,292,275,21
22,274.8,292,275,21
24,445.8,292,446,22
24,333.6,282,190,24
25,189.6,282,190,24
26,225,410,225,26
27,225,410,225,26
28,577.8,410,578,27
28,467.4,446,209,29
29,208.8,446,209,29
30,328.8,431,329,31
31,328.8,431,329,31
32,249.6,431,250,32
32,208.8,306,175,34
34,175.2,306,175,34
34,270,248,624,36
35,532.8,248,566,36
36,566.4,208,566,37
37,566.4,208,566,37
38,242.4,208,320,38
38,243.6,511,320,39
40,320.4,511,320,39
40,195.6,215,196,41
41,196.2,215,196,41
42,369,559,369,43
42,369,559,369,43
44,528,559,539,44
44,445.8,190,373,46
45,372.6,190,373,46
46,443.4,605,443,48
46,443.4,605,443,48
47,529.2,605,529,49
48,527.4,429,507,51
49,507,429,507,51
49,586.8,411,587,53
50,587.4,411,587,53
4,492.6,443,507,0
5,507,240,507,1
6,506.4,240,507,1
7,411,325,411,3
7,411,325,411,3
9,276.6,325,292,4
9,276.6,398,551,6
10,550.8,398,551,6
11,592.8,301,593,8
12,593.4,301,593,8
13,608.4,301,608,9
14,572.4,490,370,11
15,369.6,490,370,11
16,180.6,348,181,13
16,181.2,348,181,13
18,303.6,253,421,15
18,393.6,253,199,15
19,199.2,253,199,15
20,210.6,258,220,17
21,216.6,258,220,17
22,216,327,381,19
22,365.4,327,381,19
24,285.6,476,317,21
24,317.4,476,514,21
25,515.4,476,514,21
26,515.4,498,483,23
27,483,498,483,23
28,619.8,247,620,25
28,619.8,247,620,25
30,285,247,468,26
30,290.4,479,468,27
31,442.2,479,468,27
32,276,193,200,29
33,199.8,193,200,29
34,357.6,370,357,31
34,357.6,370,357,31
35,186,370,186,32
36,278.4,402,616,34
37,592.8,402,616,34
38,458.4,559,458,36
38,458.4,559,458,36
39,228,559,228,37
40,238.8,564,608,39
41,532.2,564,557,39
41,532.2,605,557,40
42,556.8,605,557,40
43,557.4,424,558,42
44,557.4,424,558,42
45,587.4,424,588,43
45,562.2,306,176,45
46,198.6,306,176,45
47,228.6,384,228,47
48,228.6,384,228,47
4,592.2,382,592,0
5,474,275,474,2
6,473.4,275,474,2
7,444,371,444,4
7,443.4,371,444,4
8,292.8,371,293,5
9,322.8,608,352,7
10,352.2,608,352,7
11,523.8,224,524,9
12,524.4,224,524,9
13,461.4,224,461,10
13,349.8,190,238,12
15,238.2,190,238,12
16,246,587,246,14
16,246.6,587,246,14
17,177.6,587,177,15
18,232.2,457,404,17
19,403.8,457,404,17
20,361.2,347,361,19
20,361.2,347,361,19
22,467.4,476,467,21
22,467.4,476,467,21
23,384,476,384,22
24,250.2,266,250,24
25,250.2,266,250,24
26,604.8,603,623,26
26,622.8,603,623,26
28,380.4,603,381,27
28,324,217,324,29
29,324.6,217,324,29
30,255,391,212,31
30,211.8,391,212,31
32,354.6,457,445,33
32,381.6,457,470,33
33,492.6,457,470,33
34,492.6,218,393,35
35,393,218,393,35
36,519,483,519,37
36,519,483,519,37
38,517.2,483,511,38
38,545.4,209,546,40
39,545.4,209,546,40
40,325.8,319,212,42
40,211.8,319,212,42
42,201.6,207,201,44
42,201.6,207,201,44
43,557.4,207,558,45
44,417.6,481,356,47
44,355.8,481,356,47
45,451.2,597,532,49
46,531.6,597,532,49
47,509.4,597,509,50
47,451.2,389,249,52
48,249,389,249,52
4,317.4,267,313,0
5,316.8,236,262,2
6,262.2,236,262,2
7,531.6,505,532,4
7,532.2,505,532,4
9,620.4,505,621,5
9,553.2,277,396,7
10,395.4,277,396,7
12,605.4,335,605,9
12,604.8,335,605,9
13,532.2,335,532,10
14,483,349,483,12
15,483,349,483,12
16,428.4,189,429,14
16,429,189,429,14
18,493.2,189,493,15
18,547.8,414,595,17
19,594.6,414,595,17
20,457.2,345,328,19
21,327.6,345,328,19
22,387,469,368,21
22,380.4,469,368,21
24,525,469,525,22
24,517.8,297,518,24
25,518.4,297,518,24
26,530.4,536,530,26
27,529.8,536,530,26
28,587.4,536,588,27
29,574.8,500,554,29
30,554.4,500,554,29
31,538.2,491,244,31
31,339,491,435,31
32,435,499,435,32
33,434.4,499,435,32
34,193.2,499,193,33
35,252.6,599,252,35
35,252,599,252,35
36,556.2,520,598,37
37,597.6,520,598,37
38,416.4,520,416,38
38,351,482,334,40
40,334.2,482,334,40
40,324.6,610,324,42
41,324.6,610,324,42
42,414,558,414,44
42,414,558,414,44
44,297,558,297,45
44,331.2,393,331,47
45,330.6,393,331,47
46,363.6,281,456,49
46,451.2,281,456,49
48,222.6,281,223,50
48,252,578,546,52
49,545.4,578,546,52
50,336.6,284,337,54
50,337.2,284,337,54
52,340.2,444,340,56
52,339.6,444,340,56
53,604.2,444,604,57
53,544.2,333,544,59
54,544.2,333,544,59
5,448.8,499,589,0
5,448.8,590,589,1
6,588.6,590,589,1
7,333.6,461,334,3
8,333.6,461,334,3
9,594.6,461,595,4
10,508.8,359,399,6
11,406.2,359,399,6
12,406.2,375,241,8
12,246.6,375,241,8
14,289.2,375,289,9
14,270.6,277,271,11
15,231.6,277,371,11
16,231.6,314,371,12
17,371.4,314,371,12
18,539.4,273,540,14
18,540,273,540,14
20,352.8,273,353,15
20,315.6,535,258,17
21,258.6,535,258,17
22,259.8,376,260,19
23,260.4,376,260,19
24,180.6,376,180,20
24,217.8,303,534,22
26,534,303,534,22
26,496.8,491,497,24
27,497.4,491,497,24
28,536.4,569,536,26
29,535.8,569,536,26
30,623.4,569,623,27
30,606.6,216,289,29
32,289.2,216,441,29
32,441,451,441,30
33,441,451,441,30
34,516.6,451,517,31
34,509.4,481,241,33
36,240.6,481,241,33
36,413.4,212,621,35
37,621,212,621,35
38,499.8,409,500,37
39,500.4,409,500,37
40,442.2,409,438,38
40,515.4,510,515,40
41,541.8,510,515,40
42,595.2,336,595,42
43,595.2,336,595,42
44,367.2,284,218,44
44,310.8,284,603,44
45,602.4,284,603,44
46,505.2,315,263,46
47,262.8,315,263,46
48,285.6,404,551,48
48,482.4,404,227,48
5,262.8,449,263,0
6,399,426,464,2
6,464.4,426,464,2
8,621,547,621,4
8,620.4,547,621,4
10,594.6,547,238,5
10,594.6,559,238,6
11,237.6,559,238,6
12,481.2,429,481,8
13,480.6,429,481,8
14,524.4,429,525,9
14,486,599,259,11
16,259.2,599,259,11
17,221.4,413,221,13
17,220.8,413,221,13
19,321.6,583,321,15
19,321,583,321,15
20,198.6,583,198,16
21,370.2,375,371,18
22,371.4,375,371,18
23,532.8,256,533,20
24,533.4,256,533,20
25,597.6,256,598,21
25,489.6,535,307,23
26,307.2,535,307,23
27,495,294,505,25
28,505.2,294,505,25
29,340.8,294,341,26
29,370.2,276,370,28
31,369.6,276,370,28
32,336,595,336,30
32,336.6,595,336,30
33,318,495,318,32
34,318,495,318,32
35,542.4,495,542,33
36,530.4,520,247,35
37,265.2,520,247,35
38,484.8,221,544,37
38,543.6,221,544,37
39,624,221,624,38
40,559.2,442,481,40
41,480.6,442,481,40
42,475.2,404,436,42
42,436.2,404,436,42
43,478.2,207,478,44
44,477.6,207,478,44
45,240.6,207,241,45
45,366.6,245,366,47
46,366.6,245,366,47
47,573,207,573,49
48,572.4,207,573,49
49,270.6,207,271,50
49,279,603,279,52
50,279,603,279,52
51,284.4,280,284,54
52,284.4,280,284,54
53,183.6,456,183,56
53,183.6,456,183,56
54,345,456,345,57
55,429.6,562,600,59
56,599.4,562,600,59
5,413.4,258,413,0
5,308.4,326,239,2
6,239.4,326,239,2
8,277.2,363,596,4
8,393,363,414,4
10,414,363,414,4
10,410.4,247,209,6
11,199.8,247,209,6
12,199.8,619,385,8
13,365.4,619,385,8
14,356.4,619,356,9
15,388.2,609,511,11
16,511.2,609,511,11
17,458.4,214,458,13
18,458.4,214,458,13
19,262.2,438,262,15
19,261.6,438,262,15
21,528,438,528,16
21,516,501,516,18
22,516,501,516,18
23,543,400,520,20
24,519.6,400,520,20
25,491.4,400,491,21
26,441,251,361,23
27,360.6,251,361,23
28,428.4,448,429,25
29,429,448,429,25
30,213,448,213,26
30,249.6,497,560,28
32,559.8,497,560,28
32,534.6,347,523,30
33,523.2,347,523,30
34,383.4,235,368,32
35,367.8,235,368,32
36,480.6,235,481,33
36,426.6,288,427,35
37,426.6,288,427,35
38,492.6,590,493,37
39,492.6,590,493,37
40,556.2,590,559,38
40,493.8,370,427,40
41,427.2,370,427,40
42,475.8,521,476,42
43,476.4,521,476,42
44,375.6,582,375,44
44,375,582,375,44
46,315.6,582,316,45
46,201.6,528,201,47
47,201.6,528,201,47
48,200.4,599,200,49
48,199.8,599,200,49
50,411.6,599,412,50
50,357.6,266,357,52
51,357.6,266,357,52
52,294.6,271,237,54
52,237,271,237,54
54,549,258,549,56
54,549,258,549,56
55,560.4,258,560,57
56,505.8,384,506,59
56,506.4,384,506,59
5,490.8,244,491,0
5,294.6,607,239,2
6,238.8,607,239,2
7,477,373,477,4
8,476.4,373,477,4
9,420.6,373,596,5
10,509.4,527,596,6
11,596.4,527,596,6
12,573.6,400,184,8
13,340.2,400,412,8
15,446.4,472,412,9
15,412.2,472,412,9
17,577.8,472,578,10
18,624.6,420,625,12
19,625.2,420,625,12
20,464.4,368,270,14
21,304.2,368,419,14
23,419.4,368,419,14
23,447,215,491,16
25,491.4,215,491,16
26,584.4,178,585,18
26,585,178,585,18
28,219.6,335,200,20
28,199.8,335,200,20
29,375.6,335,369,21
30,514.2,529,514,23
31,513.6,529,514,23
32,594.6,362,595,25
32,594.6,362,595,25
34,400.2,362,483,26
34,409.2,230,483,27
35,483,230,483,27
36,452.4,228,453,29
37,453,228,453,29
38,566.4,559,566,31
38,566.4,559,566,31
40,285.6,559,285,32
40,204,619,204,34
41,204,619,204,34
42,388.8,346,389,36
43,388.8,346,389,36
44,423.6,346,424,37
44,393.6,389,221,39
46,221.4,389,221,39
46,299.4,493,299,41
47,299.4,493,299,41
48,461.4,186,532,43
48,511.8,186,532,43
50,467.4,186,468,44
50,379.8,318,380,46
51,379.8,318,380,46
52,347.4,185,325,48
53,325.2,185,325,48
54,599.4,185,599,49
54,577.2,483,497,51
55,510,483,497,51
4,507.6,582,508,0
5,417,183,417,2
6,416.4,183,417,2
7,240.6,473,241,4
7,241.2,473,241,4
9,534.6,473,535,5
10,521.4,384,472,7
11,471.6,384,472,7
12,566.4,461,566,9
12,565.8,461,566,9
14,507,461,441,10
14,506.4,383,441,11
15,441,383,441,11
16,427.8,577,379,13
17,378.6,577,379,13
19,333.6,548,334,15
19,333.6,548,334,15
20,375.6,548,375,16
21,504.6,279,582,18
22,582,279,582,18
23,405.6,607,406,20
24,405.6,607,406,20
25,280.2,607,280,21
25,387.6,230,491,23
26,491.4,230,491,23
27,311.4,572,311,25
28,311.4,572,311,25
29,533.4,201,605,27
30,560.4,201,280,27
31,279.6,201,280,27
32,409.2,571,409,29
33,409.2,571,409,29
34,534,624,625,31
34,625.2,624,625,31
35,584.4,624,584,32
36,510,202,378,34
37,377.4,202,378,34
38,588,225,588,36
38,588,225,588,36
40,259.2,434,238,38
40,256.8,434,238,38
41,476.4,434,476,39
42,466.8,413,452,41
43,451.8,413,452,41
44,587.4,457,588,43
44,587.4,457,588,43
45,620.4,457,620,44
46,540.6,597,419,46
47,419.4,597,419,46
48,567,227,583,48
48,582.6,227,583,48
49,310.2,257,310,50
50,309.6,257,310,50
51,539.4,257,540,51
51,390,213,227,53
52,227.4,213,227,53
53,362.4,378,362,55
54,362.4,378,362,55
55,597,378,597,56
55,531.6,273,381,58
56,380.4,273,381,58
57,474,301,474,60
58,474,301,474,60
4,214.8,586,215,0
5,321,472,321,2
6,321.6,472,321,2
7,209.4,267,209,4
7,208.8,267,209,4
9,329.4,267,329,5
9,327,494,327,7
10,327.6,494,327,7
12,244.8,614,245,9
12,245.4,614,245,9
13,246,614,246,10
14,357.6,176,425,12
15,424.8,176,425,12
16,516.6,359,517,14
16,517.2,359,517,14
18,257.4,359,257,15
18,312,288,609,17
19,608.4,288,609,17
20,443.4,431,443,19
21,443.4,431,443,19
22,590.4,352,590,21
23,590.4,352,590,21
24,468.6,352,469,22
25,606,494,606,24
26,606,494,606,24
27,533.4,624,182,26
27,397.8,624,549,26
29,549,624,549,26
29,585,243,623,28
30,623.4,243,623,28
31,522,177,522,30
32,522,177,522,30
33,381.6,374,382,32
33,382.2,374,382,32
35,217.8,374,218,33
35,283.2,618,283,35
36,282.6,618,283,35
37,448.8,244,449,37
38,449.4,244,449,37
39,623.4,244,623,38
40,556.8,480,372,40
41,372,480,372,40
41,212.4,396,212,42
42,212.4,396,212,42
43,364.2,493,549,44
44,438,493,197,44
45,197.4,493,197,44
45,280.2,325,625,46
47,597.6,325,625,46
47,472.2,374,472,48
48,471.6,374,472,48
49,245.4,520,245,50
49,244.8,520,245,50
51,377.4,520,377,51
51,426,400,426,53
52,425.4,400,426,53
53,435.6,440,436,55
54,435.6,440,436,55
55,612.6,440,613,56
55,556.8,494,322,58
56,321.6,494,322,58
57,415.2,266,415,60
58,415.2,266,415,60
59,432,366,432,62
59,431.4,366,432,62
60,502.2,366,502,63
61,390,351,218,65
62,218.4,351,218,65
4,208.8,368,209,0
5,180.6,453,181,2
6,181.2,453,181,2
7,275.4,394,275,4
7,274.8,394,275,4
9,469.8,394,470,5
9,567,391,567,7
10,566.4,391,567,7
11,438,182,349,9
12,352.2,182,349,9
13,362.4,182,362,10
14,474,551,606,12
15,606,551,606,12
16,595.8,480,289,14
17,387.6,480,554,14
18,554.4,513,554,15
18,553.8,513,554,15
20,377.4,513,378,16
21,229.8,303,230,18
21,229.8,303,230,18
23,261.6,201,393,20
23,393,201,446,20
25,446.4,201,446,20
25,410.4,483,331,22
26,330.6,483,331,22
27,399,535,399,24
28,398.4,535,399,24
29,351,287,351,26
29,351.6,287,351,26
31,194.4,287,194,27
31,200.4,585,200,29
32,200.4,585,200,29
33,514.8,530,538,31
34,537.6,530,538,31
35,272.4,530,272,32
36,345.6,336,477,34
37,477,336,477,34
38,370.8,277,188,36
38,204.6,277,188,36
39,423.6,344,424,38
40,424.2,344,424,38
41,448.2,344,448,39
42,464.4,186,464,41
42,464.4,186,464,41
43,588.6,399,589,43
44,589.2,399,589,43
45,429.6,399,402,44
46,430.2,617,214,46
47,214.2,617,214,46
48,258.6,591,258,48
48,258.6,591,258,48
49,354.6,445,354,50
50,354.6,445,354,50
51,285.6,445,285,51
51,416.4,327,544,53
52,543.6,327,544,53
5,465,532,465,0
5,253.2,424,206,2
6,205.8,424,206,2
8,374.4,438,420,4
8,415.2,438,420,4
9,348.6,438,349,5
10,390,289,601,7
11,601.2,289,601,7
12,336.6,460,311,9
13,311.4,460,311,9
14,358.8,460,359,10
15,255,506,255,12
16,255,506,255,12
17,175.2,523,175,14
17,174.6,523,175,14
19,421.2,523,421,15
19,395.4,530,396,17
20,395.4,530,396,17
21,319.2,295,319,19
22,319.2,295,319,19
23,336.6,194,326,21
24,331.2,194,326,21
25,313.8,194,314,22
26,372.6,524,372,24
27,372,524,372,24
28,324,334,324,26
29,324.6,334,324,26
30,264.6,334,264,27
31,295.2,188,332,29
32,332.4,188,332,29
33,288.6,366,288,31
33,288,366,288,31
35,538.8,366,539,32
35,498.6,425,350,34
36,350.4,425,350,34
37,389.4,359,583,36
38,582.6,359,583,36
40,394.2,287,274,38
40,297,287,562,38
42,562.2,287,562,38
42,599.4,179,600,40
43,600,179,600,40
44,527.4,395,528,42
45,528,395,528,42
46,441.6,331,442,44
46,442.2,331,442,44
48,260.4,331,260,45
48,300,243,461,47
49,460.8,243,461,47
50,595.2,582,595,49
51,594.6,582,595,49
52,414,582,414,50
53,349.2,525,267,52
54,267.6,525,267,52
55,321,491,321,54
56,321,491,321,54
5,217.8,295,218,0
6,244.8,206,417,2
7,417,206,417,2
8,565.2,516,565,4
8,564.6,516,565,4
10,195.6,516,195,5
10,360,416,498,7
11,497.4,416,498,7
13,600.6,403,601,9
13,601.2,403,601,9
15,448.8,403,428,10
15,449.4,438,341,12
16,341.4,438,341,12
17,327.6,285,328,14
18,328.2,285,328,14
19,596.4,285,597,15
20,546.6,279,474,17
21,473.4,279,474,17
22,562.8,544,563,19
23,562.8,544,563,19
24,616.2,178,616,21
24,616.2,178,616,21
26,574.8,178,575,22
26,402.6,274,383,24
27,383.4,274,383,24
29,336,605,336,26
29,336,605,336,26
31,565.8,605,562,27
31,561.6,536,562,28
32,573.6,536,562,28
33,574.2,241,331,30
34,358.2,241,331,30
35,303,496,303,32
35,303.6,496,303,32
37,339.6,496,339,33
37,460.2,495,541,35
38,541.2,495,541,35
39,567,298,567,37
40,566.4,298,567,37
41,530.4,298,530,38
42,579,557,600,40
43,599.4,557,600,40
44,589.8,247,362,42
44,389.4,247,362,42
45,476.4,556,476,44
46,475.8,556,476,44
47,597.6,556,598,45
48,586.8,512,274,47
49,301.8,512,274,47
50,250.8,234,251,49
50,251.4,234,251,49
52,262.8,234,251,50
52,283.2,460,573,52
53,572.4,460,573,52
54,617.4,176,618,54
55,618,176,618,54
57,561,233,561,56
57,561,233,561,56
59,525.6,233,526,57
59,439.8,549,322,59
60,322.2,549,322,59
61,298.2,181,298,61
62,298.2,181,298,61
63,392.4,181,393,62
64,390.6,497,197,64
65,196.8,497,197,64
66,250.2,462,250,66
67,250.2,462,250,66
68,318.6,223,318,68
68,318,223,318,68
70,280.2,223,280,69
70,244.2,594,199,71
71,199.2,594,199,71
72,387.6,406,596,73
73,568.2,406,596,73
74,623.4,625,623,75
74,622.8,625,623,75
76,575.4,625,576,76
76,491.4,203,184,78
77,220.2,203,184,78
4,309,483,309,0
5,433.2,525,459,2
6,459,525,459,2
7,616.8,349,617,4
8,617.4,349,617,4
9,270,349,270,5
10,206.4,197,206,7
11,205.8,197,206,7
12,472.2,260,472,9
13,471.6,260,472,9
14,214.2,260,231,10
15,214.2,198,214,12
16,243.6,198,241,12
17,243.6,489,241,13
18,241.2,489,241,13
19,444.6,614,609,15
20,536.4,614,239,15
21,238.8,614,239,15
22,334.8,534,551,17
23,575.4,534,551,17
24,575.4,562,360,19
25,360.6,562,437,19
26,437.4,181,437,20
27,437.4,181,437,20
28,549,181,549,21
29,414,241,279,23
30,279,241,279,23
31,415.2,396,415,25
31,414.6,396,415,25
33,433.8,302,404,27
33,432.6,302,579,27
34,579,302,579,27
35,409.8,306,343,29
36,342.6,306,343,29
37,481.8,459,482,31
38,482.4,459,482,31
39,493.8,459,471,32
40,493.8,210,488,34
41,488.4,210,488,34
42,619.8,288,620,36
42,620.4,288,620,36
44,429.6,288,430,37
44,415.8,209,177,39
45,177,209,177,39
46,177.6,372,284,41
47,283.8,372,284,41
48,340.8,364,507,43
48,466.8,364,370,43
50,394.2,364,370,43
50,393.6,371,343,45
51,342,371,343,45
52,342,187,610,47
53,610.2,187,324,47
54,352.2,317,324,48
55,324.6,317,324,48
56,234.6,317,235,49
56,261,191,540,51
57,540,191,540,51
58,605.4,622,606,53
59,606,622,606,53
60,527.4,519,527,55
61,527.4,519,527,55
62,321.6,519,321,56
63,408.6,317,511,58
64,511.2,317,511,58
64,527.4,361,528,60
65,527.4,361,528,60
66,612.6,594,613,62
66,612.6,594,613,62
68,435.6,594,436,63
68,382.2,257,382,65
69,381.6,257,382,65
70,586.8,277,587,67
71,587.4,277,587,67
4,453,503,225,0
5,317.4,355,225,1
6,225.6,355,225,1
7,306.6,221,545,3
8,496.8,221,332,3
10,331.8,221,332,3
10,317.4,234,305,5
11,305.4,234,305,5
12,520.8,540,623,7
13,623.4,540,623,7
14,585.6,620,586,9
15,586.2,620,586,9
16,499.8,620,500,10
17,550.2,257,550,12
18,549.6,257,550,12
19,301.2,480,300,14
19,300.6,480,300,14
21,378.6,480,379,15
21,389.4,477,389,17
23,388.8,477,389,17
24,232.8,409,233,19
24,233.4,409,233,19
26,234,409,234,20
26,212.4,518,212,22
27,211.8,518,212,22
28,429,441,520,24
29,519.6,441,520,24
30,567,311,567,26
31,566.4,311,567,26
32,349.2,311,346,27
33,349.2,204,243,29
34,243.6,204,243,29
35,536.4,349,536,31
35,536.4,349,536,31
37,566.4,349,567,32
37,490.8,387,375,34
38,352.2,387,375,34
39,351.6,344,516,36
40,516,344,516,36
41,510,180,510,38
41,510,180,510,38
43,266.4,180,266,39
43,423.6,220,440,41
44,439.8,220,440,41
45,610.2,399,610,43
46,610.2,399,610,43
47,614.4,399,615,44
47,535.8,493,530,46
49,529.8,493,530,46
49,522.6,498,289,48
50,306,498,176,48
51,175.8,363,176,49
52,176.4,363,176,49
53,419.4,363,419,50
5,572.4,292,573,0
6,598.2,218,598,2
7,597.6,218,598,2
8,396.6,280,397,4
8,397.2,280,397,4
10,330.6,280,330,5
11,328.2,586,200,7
12,200.4,586,200,7
13,486,175,486,9
13,485.4,175,486,9
15,530.4,175,530,10
15,418.8,481,378,12
16,378,481,378,12
17,217.8,600,218,14
18,218.4,600,218,14
20,180.6,600,180,15
20,235.2,307,456,17
21,456,307,456,17
22,526.2,524,526,19
23,526.2,524,526,19
24,187.2,205,187,21
25,187.2,205,187,21
26,456.6,205,457,22
27,434.4,355,435,24
28,434.4,355,435,24
29,550.2,381,550,26
29,550.2,381,550,26
31,451.8,381,452,27
31,419.4,326,357,29
32,364.2,326,357,29
33,514.8,422,515,31
34,515.4,422,515,31
35,198.6,422,199,32
36,238.8,375,493,34
37,492.6,375,493,34
38,423.6,573,424,36
39,423.6,573,424,36
40,494.4,206,495,38
40,495,206,495,38
42,240.6,206,238,39
42,373.2,254,500,41
43,499.8,254,500,41
44,286.8,528,214,43
45,213.6,528,214,43
46,495.6,528,510,44
47,496.2,229,611,46
48,610.8,229,611,46
49,611.4,178,611,48
49,611.4,178,611,48
51,282.6,596,283,50
51,283.2,596,283,50
52,250.2,596,250,51
53,377.4,435,473,53
54,472.8,435,473,53
55,506.4,483,507,55
55,506.4,483,507,55
57,608.4,483,608,56
57,616.8,520,617,58
58,616.8,520,617,58
59,553.2,291,553,60
60,552.6,291,553,60
4,244.2,317,244,0
5,267.6,569,595,2
6,592.8,569,490,2
8,618,549,490,3
8,501,549,490,3
10,315.6,549,315,4
10,351.6,579,352,6
12,352.2,579,352,6
13,369,433,369,8
13,369.6,433,369,8
15,574.2,433,574,9
15,537,286,324,11
16,331.2,286,324,11
17,498,327,498,13
18,498,327,498,13
20,409.8,279,410,15
20,409.8,279,410,15
22,329.4,279,329,16
23,499.2,285,596,18
24,595.8,285,596,18
25,585,366,585,20
26,585,366,585,20
27,514.8,366,515,21
27,478.2,192,478,23
29,477.6,192,478,23
30,278.4,271,278,25
30,278.4,271,278,25
32,566.4,271,566,26
32,525.6,345,373,28
33,382.8,345,373,28
34,383.4,282,304,30
35,304.2,282,304,30
36,441,244,441,32
37,440.4,244,441,32
38,530.4,244,530,33
39,390.6,409,205,35
40,205.2,409,205,35
41,301.8,283,302,37
41,302.4,283,302,37
43,249,260,280,39
43,249.6,260,463,39
45,463.2,260,463,39
45,618.6,335,619,41
46,618.6,335,619,41
47,380.4,249,381,43
48,381,249,381,43
49,589.2,249,589,44
49,507.6,280,466,46
50,466.2,280,466,46
51,481.2,588,481,48
52,480.6,588,481,48
53,223.2,588,223,49
54,224.4,453,240,51
55,240.6,453,240,51
56,391.8,458,488,53
56,487.8,458,488,53
58,415.8,421,416,55
58,416.4,421,416,55
59,466.2,421,466,56
60,447,570,187,58
61,187.2,570,187,58
62,268.2,194,268,60
62,267.6,194,268,60
64,346.2,296,346,62
64,346.2,296,346,62
65,250.2,296,250,63
4,204.6,417,204,0
5,210,287,210,2
6,210.6,287,210,2
7,373.2,548,373,4
8,372.6,548,373,4
9,500.4,548,514,5
10,338.4,214,233,7
11,233.4,214,233,7
12,594.6,415,608,9
12,608.4,415,608,9
14,473.4,415,474,10
14,461.4,463,261,12
16,261.6,463,261,12
17,348,613,348,14
17,348,613,348,14
19,543,613,543,15
19,492.6,243,493,17
20,493.2,243,493,17
21,399.6,471,400,19
22,400.2,471,400,19
24,292.2,334,292,21
24,291.6,334,292,21
25,429,334,429,22
26,420.6,556,421,24
27,421.2,556,421,24
28,266.4,219,266,26
29,265.8,219,266,26
30,299.4,219,299,27
31,408,197,501,29
32,500.4,197,501,29
33,298.2,343,298,31
33,297.6,343,298,31
35,306.6,343,327,32
35,306.6,259,534,34
36,533.4,259,534,34
37,389.4,555,389,36
38,388.8,555,389,36
39,427.8,358,428,38
40,427.8,358,428,38
41,324.6,358,343,39
42,294.6,399,294,41
43,294.6,399,294,41
44,321,277,321,43
44,321.6,277,321,43
46,192.6,277,192,44
46,238.8,182,416,46
47,415.8,182,416,46
48,236.4,562,236,48
49,236.4,562,236,48
50,531.6,300,542,50
50,541.8,300,542,50
52,410.4,300,410,51
52,507.6,236,508,53
53,508.2,236,508,53
54,473.4,191,473,55
55,473.4,191,473,55
5,481.8,432,450,0
6,481.8,554,450,1
7,450,554,450,1
8,471,436,471,3
9,471,436,471,3
10,584.4,436,585,4
11,612.6,217,613,6
12,612.6,217,613,6
13,322.8,186,241,8
14,241.2,186,241,8
15,461.4,186,461,9
15,422.4,280,241,11
17,235.2,280,241,11
18,234.6,456,373,13
19,373.2,456,373,13
20,532.8,503,533,15
20,533.4,503,533,15
22,460.2,503,482,16
22,401.4,505,402,18
23,401.4,505,402,18
25,205.2,276,205,20
25,204.6,276,205,20
27,448.8,276,449,21
27,346.8,276,277,23
28,315.6,276,339,23
29,339,254,339,24
30,339,254,339,24
32,293.4,399,281,26
32,281.4,399,281,26
33,306.6,399,306,27
34,361.2,358,385,29
35,384.6,358,385,29
36,428.4,223,429,31
37,429,223,429,31
38,426.6,223,427,32
38,495.6,566,591,34
40,600.6,566,591,34
41,601.2,341,595,36
41,595.2,341,595,36
43,375.6,176,361,38
43,370.2,176,361,38
44,279,176,279,39
45,380.4,251,381,41
46,380.4,251,381,41
47,282.6,519,225,43
48,225.6,519,225,43
49,198.6,519,198,44
49,275.4,340,414,46
50,414,340,414,46
51,574.2,292,574,48
52,573.6,292,574,48
53,469.8,338,470,50
54,470.4,338,470,50
55,180.6,338,181,51
56,303.6,504,303,53
57,303,504,303,53
58,240,378,240,55
58,240,378,240,55
59,435,378,435,56
60,404.4,269,223,58
61,223.2,269,223,58
4,208.8,275,209,0
5,225,262,420,2
6,420,262,420,2
7,311.4,257,282,4
8,282,257,282,4
9,407.4,257,407,5
10,306.6,395,306,7
11,306,395,306,7
12,348,551,444,9
13,434.4,551,444,9
14,504.6,551,515,10
15,394.8,177,236,12
16,236.4,177,236,12
17,307.8,577,308,14
18,308.4,577,308,14
19,238.2,577,238,15
20,291.6,502,361,17
21,361.2,502,361,17
22,459,387,499,19
23,498.6,387,499,19
24,216,448,216,21
24,216,448,216,21
26,270.6,448,271,22
27,231.6,569,232,24
28,231.6,569,232,24
29,528.6,428,597,26
29,595.8,428,597,26
31,369,428,369,27
31,259.8,262,198,29
32,198,262,198,29
33,224.4,562,549,31
34,423,562,523,31
36,523.2,444,523,32
36,523.2,444,523,32
37,267.6,444,267,33
38,408,440,471,35
39,470.4,440,471,35
40,475.2,520,291,37
41,311.4,520,447,37
42,446.4,434,447,38
42,447,434,447,38
44,358.2,434,358,39
44,400.8,619,610,41
45,609.6,619,610,41
46,292.2,436,227,43
47,226.8,436,227,43
48,300.6,436,300,44
49,382.2,587,586,46
50,557.4,587,232,46
51,387,291,232,47
52,231.6,291,232,47
53,262.2,190,352,49
53,329.4,190,352,49
55,554.4,190,555,50
55,603.6,285,604,52
56,604.2,285,604,52
57,442.8,495,443,54
58,443.4,495,443,54
59,445.2,535,445,56
59,445.2,535,445,56
61,207.6,535,208,57
62,204,383,204,59
62,204.6,383,204,59
5,176.4,612,176,0
6,388.2,297,397,2
7,397.2,297,397,2
8,346.2,507,286,4
9,302.4,507,286,4
10,409.8,507,410,5
11,355.8,554,356,7
12,356.4,554,356,7
13,487.2,217,487,9
14,486.6,217,487,9
15,524.4,217,525,10
16,586.8,519,587,12
17,587.4,519,587,12
18,563.4,615,207,14
19,352.2,615,363,14
21,363.6,370,363,15
21,363,370,363,15
22,465,370,465,16
23,569.4,568,570,18
24,569.4,568,570,18
25,386.4,587,386,20
26,385.8,587,386,20
27,196.8,587,197,21
28,301.2,298,470,23
29,470.4,298,470,23
30,337.8,207,221,25
31,220.8,207,221,25
32,336,207,336,26
33,297,200,233,28
34,238.2,200,233,28
35,266.4,537,266,30
36,266.4,537,266,30
37,324,391,324,32
37,324.6,391,324,32
39,498.6,391,499,33
39,480,525,480,35
40,479.4,525,480,35
41,489.6,217,526,37
42,526.2,217,526,37
43,477,217,477,38
44,541.2,242,547,40
45,547.2,242,547,40
46,583.2,327,583,42
47,583.2,327,583,42
48,359.4,601,250,44
49,283.2,601,589,44
50,570,601,589,44
50,493.8,208,399,46
52,399,208,399,46
52,399,559,399,48
53,399,559,399,48
55,288.6,471,288,50
55,288.6,471,288,50
56,400.8,471,401,51
57,404.4,250,405,53
58,404.4,250,405,53
59,462,536,462,55
60,461.4,536,462,55
61,460.8,536,461,56
62,483.6,476,484,58
63,500.4,476,484,58
4,484.8,535,494,0
5,484.8,595,571,2
6,571.2,595,571,2
8,255.6,430,256,4
8,255.6,430,256,4
10,576.6,430,577,5
10,477.6,538,411,7
11,410.4,538,411,7
13,185.4,186,185,9
13,185.4,186,185,9
15,315.6,186,315,10
15,292.2,418,292,12
16,292.2,418,292,12
18,373.2,313,405,14
18,405,313,405,14
20,490.8,313,491,15
20,492.6,447,493,17
22,492.6,447,493,17
23,489.6,268,417,19
23,416.4,268,417,19
25,345,436,345,21
25,345,436,345,21
27,476.4,436,474,22
27,557.4,181,557,24
28,557.4,181,557,24
30,452.4,495,452,26
30,452.4,495,452,26
32,351.6,495,351,27
32,456,198,514,29
33,514.2,198,514,29
34,235.8,404,205,31
35,204.6,404,205,31
36,246.6,404,247,32
37,287.4,307,572,34
38,571.8,307,572,34
39,363,605,282,36
40,282,605,282,36
41,538.2,557,538,38
41,538.2,557,538,38
43,590.4,557,563,39
44,591,328,453,41
45,452.4,328,453,41
46,360.6,252,189,43
46,189,252,364,43
48,363.6,340,364,44
48,364.2,340,364,44
49,535.2,340,535,45
50,398.4,431,308,47
51,308.4,431,308,47
52,400.8,204,578,49
53,560.4,204,216,49
54,232.8,242,216,50
55,224.4,242,216,50
56,497.4,242,497,51
57,605.4,422,605,53
58,605.4,422,605,53
59,526.2,321,526,55
59,525.6,321,526,55
5,519,333,519,0
6,382.8,507,329,2
7,329.4,507,329,2
8,253.2,175,253,4
9,252.6,175,253,4
10,285.6,175,285,5
11,450,470,469,7
12,468.6,470,469,7
13,538.2,558,538,9
14,537.6,558,538,9
15,399,558,399,10
16,287.4,283,198,12
17,198.6,283,198,12
18,237.6,269,400,14
19,379.2,269,400,14
20,443.4,269,443,15
21,467.4,573,468,17
22,468,573,468,17
23,452.4,477,452,19
24,451.8,477,452,19
25,336.6,313,337,21
26,337.2,313,337,21
27,184.2,313,184,22
28,271.8,199,323,24
29,322.8,199,323,24
30,476.4,237,477,26
30,477,237,477,26
32,442.2,237,442,27
32,547.2,511,551,29
34,550.8,511,551,29
35,549,295,243,31
35,346.2,295,572,31
37,571.8,484,572,32
37,572.4,484,572,32
39,589.2,484,589,33
39,520.2,544,336,35
40,336,544,336,35
41,487.8,187,488,37
42,488.4,187,488,37
43,246,187,246,38
44,307.8,397,494,40
45,493.8,397,494,40
46,430.2,344,276,42
47,276.6,344,276,42
48,212.4,226,212,44
48,212.4,226,212,44
50,429,226,429,45
50,402,470,402,47
51,401.4,470,402,47
53,241.2,417,241,49
53,241.2,417,241,49
54,519,417,519,50
55,477.6,504,478,52
56,475.8,504,478,52
57,397.8,624,398,54
58,398.4,624,398,54
59,450.6,280,451,56
59,451.2,280,451,56
61,349.8,280,350,57
61,466.2,457,466,59
62,466.2,457,466,59
63,198.6,614,179,61
64,178.8,614,179,61
65,586.2,434,606,63
66,605.4,434,297,63
67,297,434,297,63
68,411,603,518,65
69,518.4,603,518,65
70,399,177,399,67
70,398.4,177,399,67
72,223.8,177,224,68
72,255,424,315,70
73,315.6,424,315,70
4,621.6,201,622,0
5,509.4,219,509,2
6,508.8,219,509,2
8,312.6,455,312,4
8,312,455,312,4
10,568.2,455,568,5
10,559.8,408,560,7
11,560.4,408,560,7
13,597.6,381,598,9
13,598.2,381,598,9
15,510,381,510,10
15,427.2,475,362,12
16,362.4,475,362,12
18,430.2,331,489,14
18,488.4,331,489,14
20,375,331,363,15
20,375.6,516,376,17
22,375.6,516,376,17
23,471,601,471,19
23,471,601,471,19
25,327.6,401,327,21
25,327.6,401,327,21
27,292.2,401,292,22
27,292.8,533,293,24
28,292.8,533,293,24
30,228.6,308,229,26
30,228.6,308,229,26
32,547.8,308,548,27
32,493.8,405,494,29
33,494.4,405,494,29
34,580.8,319,581,31
35,580.8,319,581,31
37,608.4,319,609,32
37,568.8,310,372,34
38,372,310,372,34
39,494.4,414,494,36
40,493.8,414,494,36
41,369.6,250,370,38
42,369.6,250,370,38
43,487.2,250,487,39
44,355.2,502,250,41
45,249.6,502,250,41
46,469.2,193,511,43
47,510.6,193,511,43
48,429.6,193,430,44
48,375,398,207,46
50,207.6,398,207,46
51,366.6,425,390,48
51,389.4,425,390,48
53,472.2,204,472,50
53,472.2,204,472,50
54,506.4,204,506,51
55,453,568,453,53
56,453,568,453,53
57,540,246,618,55
58,617.4,246,618,55
59,519,246,519,56
60,474,320,363,58
61,363,320,363,58
62,418.8,621,419,60
62,418.8,621,419,60
64,472.8,228,473,62
64,472.8,228,473,62
66,365.4,228,365,63
66,469.2,201,550,65
67,550.2,201,550,65
68,452.4,550,453,67
69,452.4,550,453,67
70,508.8,550,509,68
70,492,305,282,70
72,282.6,305,282,70
5,449.4,503,450,0
6,452.4,179,602,2
7,601.8,179,602,2
8,285.6,215,285,4
8,285,215,285,4
10,262.8,215,239,5
11,308.4,520,308,7
12,307.8,520,308,7
13,473.4,338,505,9
14,504.6,338,505,9
15,292.2,338,299,10
16,292.2,443,375,12
17,375.6,443,375,12
18,212.4,367,212,14
19,211.8,367,212,14
20,548.4,367,548,15
21,569.4,519,570,17
22,569.4,519,570,17
23,561.6,429,550,19
24,549.6,429,550,19
26,471,539,274,21
26,388.2,539,443,21
28,442.8,539,443,21
28,468.6,211,469,23
29,469.2,211,469,23
30,264,463,264,25
31,264,463,264,25
33,280.8,463,281,26
33,247.2,460,239,28
34,238.8,460,239,28
35,324.6,439,324,30
36,324.6,439,324,30
38,185.4,529,185,32
38,184.8,529,185,32
39,493.2,529,518,33
40,367.8,353,248,35
41,248.4,353,248,35
42,304.2,212,304,37
43,303.6,212,304,37
44,453.6,212,454,38
45,409.8,309,410,40
46,409.8,309,410,40
47,342.6,494,179,42
48,179.4,494,179,42
49,195.6,187,195,44
49,195,187,195,44
51,585,187,593,45
51,453.6,266,246,47
52,246.6,266,246,47
54,236.4,545,515,49
54,401.4,545,341,49
56,340.8,593,341,50
56,341.4,593,341,50
57,384,593,384,51
58,318.6,358,318,53
59,318,358,318,53
4,503.4,333,504,0
5,458.4,560,458,2
6,457.8,560,458,2
8,226.8,365,227,4
8,227.4,365,227,4
10,412.8,365,390,5
10,570,604,600,7
12,599.4,604,600,7
13,334.2,398,334,9
13,333.6,398,334,9
15,221.4,398,221,10
16,325.8,385,445,12
17,445.2,385,445,12
18,429.6,404,389,14
19,389.4,404,389,14
20,360.6,404,373,15
21,313.8,420,253,17
22,253.2,420,253,17
23,320.4,623,320,19
24,319.8,623,320,19
25,265.8,389,266,21
26,266.4,389,266,21
27,598.2,389,598,22
28,491.4,232,491,24
29,490.8,232,491,24
30,282,177,282,26
31,282.6,177,282,26
32,420.6,177,421,27
33,318,177,196,29
34,215.4,177,196,29
35,215.4,441,181,31
36,180.6,441,181,31
37,313.8,441,314,32
38,285,459,281,34
39,281.4,459,281,34
40,313.8,511,314,36
41,314.4,511,314,36
43,447,541,447,38
43,447,541,447,38
45,180.6,541,180,39
46,301.8,191,553,41
47,552.6,191,553,41
48,390.6,209,391,43
48,391.2,209,391,43
50,285,209,285,44
50,328.8,307,390,46
51,389.4,307,390,46
52,499.2,354,499,48
53,499.2,354,499,48
54,384,235,320,50
55,343.2,235,320,50
56,563.4,235,563,51
57,506.4,462,506,53
58,506.4,462,506,53
5,476.4,527,222,0
5,340.8,220,222,1
7,222.6,220,222,1
8,171.6,227,194,3
9,194.4,227,194,3
10,412.2,227,412,4
11,475.2,485,475,6
12,437.4,485,429,6
13,429,453,429,7
14,429,453,429,7
15,498.6,605,492,9
16,491.4,605,492,9
17,479.4,605,479,10
18,375.6,354,375,12
19,375.6,354,375,12
20,282.6,392,282,14
21,282.6,392,282,14
23,525,392,525,15
23,434.4,358,245,17
24,244.8,358,245,17
26,316.2,554,453,19
26,453,554,453,19
28,386.4,554,386,20
28,384.6,397,385,22
30,357.6,397,385,22
31,357.6,355,492,24
31,491.4,355,492,24
33,393.6,200,358,26
33,357.6,200,358,26
35,238.2,200,218,27
35,369,583,517,29
37,516.6,583,517,29
38,545.4,317,579,31
38,579,317,579,31
40,353.4,600,293,33
40,345,600,370,33
42,370.2,600,370,33
42,289.8,203,290,35
43,289.8,203,290,35
45,347.4,266,347,37
45,346.8,266,347,37
47,204,266,204,38
47,233.4,609,501,40
48,500.4,609,501,40
49,380.4,552,381,42
50,381,552,381,42
51,270,552,270,43
52,273.6,358,583,45
53,583.2,358,583,45
54,426,286,248,47
55,247.8,286,248,47
56,361.2,198,361,49
57,361.2,198,361,49
58,474.6,198,475,50
59,431.4,583,431,52
60,430.8,583,431,52
61,300.6,356,300,54
61,300,356,300,54
63,558.6,434,559,56
63,558.6,434,559,56
64,202.2,434,202,57
65,339,345,455,59
66,454.8,345,455,59
67,533.4,215,534,61
68,534,215,534,61
69,504,215,504,62
70,555,395,599,64
71,598.8,395,599,64
72,417,374,242,66
72,244.8,374,242,66
4,572.4,514,573,0
5,563.4,599,229,2
6,238.2,599,548,2
7,547.8,211,548,3
8,548.4,211,548,3
10,383.4,211,384,4
10,431.4,274,432,6
11,432,274,432,6
13,529.2,194,529,8
13,528.6,194,529,8
15,361.2,194,361,9
15,399.6,241,472,11
17,471.6,241,472,11
18,539.4,251,540,13
19,540,251,540,13
20,295.2,410,287,15
21,287.4,410,287,15
22,286.2,410,286,16
23,366.6,266,530,18
24,529.8,266,530,18
25,367.2,523,367,20
26,366.6,523,367,20
27,361.2,523,361,21
28,463.2,368,463,23
29,463.2,368,463,23
30,617.4,449,617,25
31,616.8,449,617,25
33,487.8,211,305,27
33,461.4,211,316,27
34,316.2,211,316,27
35,463.2,315,544,29
36,544.2,315,544,29
37,351.6,280,201,31
38,201.6,280,341,31
40,340.8,280,341,31
40,348,466,360,33
41,360,466,360,33
42,428.4,525,429,35
43,428.4,525,429,35
44,183.6,485,184,37
45,184.2,485,184,37
46,309,485,309,38
47,405.6,525,590,40
48,589.8,525,590,40
49,557.4,372,335,42
50,355.8,372,388,42
51,402.6,344,388,43
52,387.6,344,388,43
53,598.8,344,599,44
54,581.4,444,581,46
55,580.8,444,581,46
56,556.2,607,556,48
56,556.2,607,556,48
58,303.6,607,304,49
58,331.2,365,573,51
60,573,365,573,51
60,562.8,482,563,53
61,562.8,482,563,53
5,228.6,540,229,0
6,285.6,205,285,2
7,285,205,285,2
9,483.6,206,484,4
9,484.2,206,484,4
11,368.4,206,368,5
12,276,472,276,7
13,276.6,472,276,7
14,389.4,228,389,9
14,388.8,228,389,9
16,273.6,228,261,10
16,348.6,444,349,12
17,348.6,444,349,12
18,398.4,550,434,14
19,433.8,550,434,14
20,593.4,550,578,15
21,617.4,389,618,17
22,618,389,618,17
23,482.4,436,482,19
24,481.8,436,482,19
25,503.4,248,504,21
25,504,248,504,21
26,288.6,248,284,22
27,288.6,500,227,24
28,226.8,500,227,24
29,459.6,437,500,26
29,499.8,437,500,26
31,577.8,437,578,27
31,476.4,324,417,29
32,416.4,324,417,29
33,522.6,562,523,31
34,523.2,562,523,31
35,332.4,562,332,32
35,369,257,574,34
36,573.6,257,574,34
37,369,464,247,36
38,246.6,464,247,36
39,429,201,520,38
40,520.2,201,296,38
41,295.8,201,296,38
41,358.2,400,550,40
42,549.6,400,550,40
43,443.4,325,444,42
44,444,325,444,42
45,357.6,207,301,44
45,328.8,207,301,44
